Country Code,IMF Country Code,Country,Indicator Type,Series Name,1970,1971,1972,1973,1974,1975,1976,1977,1978,1979,1980,1981,1982,1983,1984,1985,1986,1987,1988,1989,1990,1991,1992,1993,1994,1995,1996,1997,1998,1999,2000,2001,2002,2003,2004,2005,2006,2007,2008,2009,2010,2011,2012,2013,2014,2015,2016,2017,2018,2019,2020,2021,2022
AGO,614,Angola,Inflation,Producer Price Inflation,,,,,,,,,,,,,,,,,,,,,,,,,,,,,,,,,,,,,,,,,,,,8.38,6.72,9.17,20.39,23.02,16.09,17.57,23.15,29.80,26.02
ALB,914,Albania,Inflation,Producer Price Inflation,,,,,,,,,,,,,,,,,,,,,,,,,,,,,,,,,,,,,0.77,3.47,6.53,-1.67,0.26,2.63,,,,,-1.61,2.84,1.60,-0.80,-3.43,2.70,19.94
ARG,213,Argentina,Inflation,Producer Price Inflation,,,,,,,,,,,,,,,,,,,,,,,,,,4.31,2.95,-1.22,-3.20,-4.03,3.69,-2.04,78.26,19.61,7.71,8.50,10.93,11.80,14.48,6.28,15.07,13.75,12.19,16.32,26.01,,,16.26,52.22,58.31,42.51,59.09,60.27
ARM,911,Armenia,Inflation,Producer Price Inflation,,,,,,,,,,,,,,,,,,,,,,,800.00,764.44,3950.26,154.98,29.57,21.70,14.63,5.86,-0.45,1.12,3.59,8.86,20.97,7.58,0.92,0.65,3.33,7.07,22.57,9.12,6.98,4.72,8.47,-0.77,1.51,2.16,0.08,0.63,2.98,9.87,2.68
AUS,193,Australia,Inflation,Producer Price Inflation,4.35,4.92,4.81,8.64,15.29,15.06,11.32,10.17,8.23,14.77,14.02,8.44,8.94,8.07,5.42,6.60,5.58,7.31,9.05,5.11,5.97,1.45,1.54,2.00,0.77,3.62,0.85,1.24,-3.96,-0.91,7.15,3.06,0.22,-1.23,7.66,6.04,6.14,2.29,8.08,-5.50,7.08,8.91,3.72,-0.50,-3.47,-4.94,-1.43,8.49,5.21,1.01,-3.71,5.74,9.88
AUT,122,Austria,Inflation,Producer Price Inflation,,,,,,,,-1.38,,,,,-2.84,,,,,,-0.25,1.77,2.87,0.85,-0.23,-0.41,1.34,0.31,0.16,0.37,-0.52,-0.84,3.04,0.25,-1.14,-0.06,1.73,3.10,1.69,2.77,3.49,-1.56,2.74,4.06,0.88,-0.88,-1.10,-1.48,-1.83,1.96,2.38,0.11,-1.59,7.95,9.53
AZE,912,Azerbaijan,Inflation,Producer Price Inflation,,,,,,,,,,,,,,,,,,,,,,,,,,,,,,,,,,,,,,17.66,23.42,-19.36,36.41,23.91,12.90,-3.93,-5.07,-30.58,27.54,36.80,26.03,3.23,-24.80,69.60,84.31
BEL,124,Belgium,Inflation,Producer Price Inflation,4.82,-0.62,4.11,12.29,16.76,1.25,7.10,2.41,-1.88,6.29,5.78,14.07,13.46,6.71,7.57,2.61,-11.49,-4.96,1.64,6.56,-1.00,-1.05,-1.80,-2.54,1.60,3.27,2.16,3.69,-1.90,0.04,10.56,2.16,0.22,-1.23,7.66,6.04,6.14,2.29,8.08,-5.50,7.08,8.91,3.72,-0.50,-3.47,-2.00,-1.42,8.49,5.21,1.02,-3.71,17.34,34.23
BGD,513,Bangladesh,Inflation,Producer Price Inflation,,,,,,,,,,,,,,,,,,,,,,,,,,,,,,,,,,,,,,,,,,,,,,,,3.57,4.45,0.99,1.11,5.50,5.00
BGR,918,Bulgaria,Inflation,Producer Price Inflation,,,,,,,,,,,,,,,,,0.90,-0.30,1.99,0.19,11.48,296.34,-60.67,-82.85,1146.30,55.72,132.68,971.20,16.99,2.80,17.53,3.67,1.29,4.94,5.97,8.11,12.89,7.57,10.32,-6.89,8.93,9.58,4.08,-1.63,-1.25,-1.98,-3.11,4.98,3.95,3.07,-1.90,15.29,37.84
BIH,963,Bosnia and Herzegovina,Inflation,Producer Price Inflation,,,,,,,,,,,,,,,,,,,,,,,,,,,,,,,,,,,,,,,,8.60,-3.29,4.75,0.40,-1.75,-0.53,0.58,-1.90,3.00,3.54,0.14,-1.24,5.60,18.50
BLR,913,Belarus,Inflation,Producer Price Inflation,,,,,,,,,,,,,,,,,,,,,,,,,2200.00,498.31,34.72,87.50,72.49,355.79,181.14,5.66,-1.83,3.01,1.22,3.23,4.01,1.22,4.14,-3.30,1.85,4.15,1.72,-0.19,-0.54,-0.54,-1.24,1.94,1.86,0.94,-0.76,12.24,15.20
BRA,223,Brazil,Inflation,Producer Price Inflation,,,,,,,,,,,,,,,,,,,,,,,,2068.29,2278.94,58.77,6.32,8.13,3.55,16.58,18.11,12.60,16.66,27.56,10.46,5.56,0.81,5.60,13.70,-0.21,5.72,9.44,5.89,5.93,4.59,5.98,3.91,2.63,11.28,29.17,17.83,35.41,14.11
BTN,514,Bhutan,Inflation,Producer Price Inflation,,,,,,,,,,,,,,,,,,,,,,,,,,,,,,,,,,,,,,,,,,,,2.27,,,1.11,5.16,5.04,-3.51,1.10,10.93,17.72
CAF,626,Central African Republic,Inflation,Producer Price Inflation,-0.16,5.15,6.21,2.39,19.82,18.82,4.75,7.85,7.56,13.82,16.07,14.66,14.38,8.79,5.89,6.72,3.92,0.71,,,1.62,-1.14,,,,,,,-0.05,1.23,6.36,8.93,8.62,3.79,-0.54,2.24,,,,,,,,,,,,,,,,,
CAN,156,Canada,Inflation,Producer Price Inflation,2.48,1.93,4.47,11.12,18.99,11.37,5.10,7.81,9.25,14.55,13.38,10.18,6.71,3.46,4.54,2.72,0.87,2.78,4.33,2.03,0.29,-1.04,0.47,3.63,6.06,7.37,0.40,0.71,0.38,1.79,4.32,0.97,0.06,-1.22,3.20,1.64,2.27,1.54,4.35,-3.50,1.50,6.94,1.10,0.41,2.49,-0.84,-0.20,3.13,3.85,-0.12,-0.46,13.88,12.79
CHE,146,Switzerland,Inflation,Producer Price Inflation,3.66,3.96,4.08,8.52,13.96,1.23,-1.05,-0.08,-1.36,1.91,4.47,5.61,3.67,1.13,2.93,2.02,-1.26,-0.72,2.14,3.19,2.33,1.30,0.73,0.44,-0.46,-0.09,-1.76,-0.73,-1.23,-1.00,0.95,0.49,-0.48,-0.70,0.68,1.09,2.03,2.31,3.05,-1.51,-0.16,-1.20,-0.46,0.19,-0.82,-3.57,-1.49,-0.47,1.41,-0.32,-0.55,1.22,3.91
CHL,228,Chile,Inflation,Producer Price Inflation,,,,,,,,,,,,,,,,,,,,,,,,,,,,,,,,,,,,10.98,17.29,6.69,10.51,5.72,23.01,12.17,-6.56,-3.92,-7.75,-1.23,-0.70,9.75,4.88,1.90,2.28,11.54,24.00
CHN,924,China,Inflation,Producer Price Inflation,,,,,,,,,,,,,,,,,,,,,,,,,,,,-0.35,-4.28,-2.91,2.74,-1.30,-2.26,2.34,6.10,5.29,3.63,3.26,7.27,-5.07,6.26,6.44,-1.71,-1.90,-1.88,-5.19,-1.00,6.25,3.59,-0.47,-1.83,1.65,8.74
COG,634,"Congo, Rep.",Inflation,Producer Price Inflation,6.61,0.71,12.77,5.30,15.32,13.97,13.47,,,8.42,14.59,13.33,15.00,7.65,14.53,6.58,3.65,,,,,,,,,,,,,,,,,,,,,,,,,,,,,,,,,,,,
COL,233,Colombia,Inflation,Producer Price Inflation,8.16,11.47,18.26,27.97,36.00,25.42,22.91,26.71,17.62,27.83,24.19,24.06,25.68,21.72,18.30,24.95,22.02,24.86,28.28,28.22,26.58,27.63,20.08,14.23,17.16,18.13,15.03,15.43,17.32,9.82,13.19,9.40,5.29,9.13,5.16,3.14,4.18,1.02,7.22,1.94,-0.89,8.83,-0.08,-1.28,2.91,3.89,5.40,0.87,5.14,4.34,3.22,8.67,29.56
CRI,238,Costa Rica,Inflation,Producer Price Inflation,,,,,,,,,,,,,,,,,,,,,,,18.40,5.15,13.11,23.88,16.00,11.60,8.81,10.14,11.56,8.86,7.68,11.68,16.72,15.32,13.91,13.85,25.45,1.74,3.00,9.46,3.77,2.46,4.47,1.29,-1.06,2.32,3.30,2.60,0.14,2.74,8.92
CYP,423,Cyprus,Inflation,Producer Price Inflation,15.99,,,,,,,,,,,,,,,,,,,,-11.24,17.23,,,30.54,,,,,,,2.24,2.22,3.19,4.05,5.24,5.13,3.30,10.93,-1.66,3.74,5.04,6.86,-2.05,-2.83,-5.14,-4.12,3.09,2.33,2.46,-2.52,6.57,22.84
CZE,935,Czech Republic,Inflation,Producer Price Inflation,,,,,,,,,,,,,,,,,,,,,,,,9.22,2.54,6.16,4.77,4.94,4.84,1.02,4.89,2.82,-0.54,-0.33,5.67,3.01,1.57,4.17,4.18,-3.13,1.20,5.52,2.15,0.79,-0.75,-3.20,-3.25,1.84,2.05,2.56,0.11,5.75,24.31
DEU,134,Germany,Inflation,Producer Price Inflation,4.90,4.23,2.65,6.65,13.39,4.64,3.68,2.77,1.15,4.79,7.56,7.83,5.87,1.46,2.89,2.44,-2.52,-2.49,1.25,3.16,1.72,2.39,1.44,0.16,0.60,1.68,-1.22,1.17,-0.40,-1.01,4.32,5.66,-1.83,3.01,1.22,3.23,4.01,1.22,4.14,-3.30,1.85,4.15,1.72,-0.19,-0.54,-0.54,-1.24,1.94,1.86,0.94,-0.76,7.48,23.93
DNK,128,Denmark,Inflation,Producer Price Inflation,7.87,3.48,5.84,14.70,21.66,5.71,8.17,7.94,4.43,8.93,16.75,15.67,10.69,4.98,7.52,2.69,-6.77,-0.18,3.93,5.74,1.07,0.92,-1.11,-0.52,1.18,2.87,1.10,1.87,-0.54,0.49,6.27,3.86,1.90,-0.41,2.39,7.88,7.45,1.94,12.74,-10.38,7.36,8.60,2.30,1.62,-0.99,-3.68,-1.40,2.50,4.30,-0.65,-2.74,13.64,28.88
DZA,612,Algeria,Inflation,Producer Price Inflation,,,,,,,,,,,,,,,,,,,,,,,,,,,,,3.78,3.47,2.02,4.18,3.01,3.75,4.41,3.46,2.41,3.06,9.32,3.38,3.10,2.14,2.65,0.18,1.04,2.25,4.12,1.88,4.08,2.64,,7.43,
ECU,248,Ecuador,Inflation,Producer Price Inflation,,,,,,,,,,,,,,,,,,,,,,,,,,,,,,66.97,119.10,17.26,4.81,2.91,5.40,4.22,3.10,7.81,11.78,-0.35,6.11,5.48,2.84,1.18,3.86,1.97,0.05,-0.66,1.31,-0.12,-0.96,0.87,6.73
EGY,469,"Egypt, Arab Rep.",Inflation,Producer Price Inflation,,,,,,,,,,,,,,,,,,,,,,,,,,,,,,,,,,,,,,8.88,21.13,-5.62,12.65,14.72,2.45,3.33,4.34,-3.11,13.75,33.21,24.07,5.03,-7.00,17.32,25.84
ESP,184,Spain,Inflation,Producer Price Inflation,,,,51.68,16.43,9.09,13.29,20.25,16.40,14.51,17.42,15.67,12.41,14.03,12.20,7.95,0.93,0.82,3.00,4.18,2.14,1.54,1.31,2.53,4.27,6.37,1.68,1.03,-0.67,0.69,5.43,1.66,0.35,0.72,3.15,4.50,5.10,3.18,5.74,-3.33,3.97,6.45,3.38,-0.06,-1.46,-1.48,-2.72,4.15,2.41,-0.31,-3.55,14.83,34.62
EST,939,Estonia,Inflation,Producer Price Inflation,,,,,,,,,,,,,,,,,,,,,,,,,,25.59,14.79,8.81,4.23,-1.23,5.33,3.51,-0.16,0.19,2.87,2.13,4.40,8.25,7.03,-0.61,3.32,4.44,2.30,4.12,-1.57,-2.05,-0.71,3.60,2.64,-0.19,-2.44,12.47,26.96
ETH,644,Ethiopia,Inflation,Producer Price Inflation,,,,,,,,,,,,,,,,,,,,,,,,,,,,,,,,,,,,,,,,-3.20,-1.95,,,,,,3.05,10.65,4.43,,,,
FIN,172,Finland,Inflation,Producer Price Inflation,4.36,5.05,8.38,17.53,24.35,11.73,8.19,10.12,5.55,9.75,16.38,13.54,7.53,5.81,5.36,4.47,-5.18,0.88,4.06,5.22,3.35,0.29,1.10,2.96,1.37,1.17,-0.94,1.55,-1.46,-0.22,7.17,-0.43,-1.23,-0.13,1.57,3.76,5.69,4.03,5.65,-6.41,4.17,5.59,1.36,-0.37,-0.97,-1.96,-2.30,3.57,4.70,0.31,-4.65,12.71,24.22
FRA,132,France,Inflation,Producer Price Inflation,1.39,-19.70,,,,-4.94,,,,-14.88,,,,,26.85,,,,,,,,,,,,,,0.95,,5.09,2.20,0.47,0.63,1.87,2.98,3.18,2.12,4.63,-4.73,2.54,4.56,2.31,-0.02,-1.32,-1.64,-2.23,2.35,2.38,0.48,-1.92,8.67,23.09
GAB,646,Gabon,Inflation,Producer Price Inflation,11.28,4.04,4.90,7.17,22.45,15.03,17.34,14.41,8.92,5.93,15.66,10.25,14.70,8.01,7.35,11.79,-1.79,2.41,,,,,,,,,,,,,,,,,,,,,,,,,,,,,,,,,,,
GBR,112,United Kingdom,Inflation,Producer Price Inflation,7.05,9.01,5.17,7.49,22.28,22.91,16.51,18.95,8.99,11.82,15.91,10.72,8.52,6.50,5.94,6.22,1.33,3.43,3.68,4.78,6.25,5.34,3.12,3.96,2.50,4.02,2.67,0.97,0.07,0.54,0.37,0.13,-0.40,0.20,2.59,7.90,6.42,1.60,14.73,-0.61,4.79,9.13,2.36,3.25,-7.37,-6.64,1.97,6.11,3.70,0.82,-0.06,5.04,18.52
GEO,915,Georgia,Inflation,Producer Price Inflation,,,,,,,,,,,,,,,,,,,,,,,,,,,,,,15.67,5.77,3.07,6.32,3.34,4.64,7.45,10.82,11.59,9.76,-5.48,11.34,12.82,1.62,-2.00,2.86,7.50,-0.13,10.97,6.11,7.18,11.75,16.72,14.46
GHA,652,Ghana,Inflation,Producer Price Inflation,,,,,,,,,,,,,,,,,,,,,,,,,,,,,,,,,,,,,,,31.76,15.46,18.62,18.54,17.13,9.35,35.98,12.78,10.94,5.52,6.42,8.10,9.02,10.76,
GMB,648,"Gambia, The",Inflation,Producer Price Inflation,,,,,,,,,,,,,,,,,,,,,,,,,,,,,,,,,,,,,,,,,9.95,6.67,2.83,3.70,,,4.23,1.96,2.24,6.24,1.06,14.21,16.37
GRC,174,Greece,Inflation,Producer Price Inflation,,,,,,,,,,,,,,,,,3.52,,,,,4.82,,,-13.79,31.41,5.75,3.44,2.85,2.41,5.26,1.34,0.22,-1.23,7.66,6.04,6.14,2.29,8.08,-5.50,7.08,8.91,3.72,-0.50,-3.47,-4.94,-1.43,8.49,5.21,1.01,5.32,13.75,35.06
GTM,258,Guatemala,Inflation,Producer Price Inflation,2.45,2.06,-0.71,14.26,22.78,12.33,10.50,13.03,3.59,10.20,16.10,11.74,-6.08,1.20,5.63,23.28,42.94,,,,,,,,,,,,,,,,,,,,,,,,,,,,,,,,,,,,
HKG,532,"Hong Kong SAR, China",Inflation,Producer Price Inflation,,,,,,,,,,,,,,,,,,,,,,3.47,1.87,0.67,2.05,2.86,-0.17,-0.28,-1.82,-1.52,0.20,-1.51,-2.69,-0.33,2.24,0.82,2.26,2.98,5.62,-1.67,6.02,8.32,0.12,-3.09,-1.69,-2.78,1.34,3.78,1.99,1.00,1.00,1.17,0.80
HRV,960,Croatia,Inflation,Producer Price Inflation,,,,,,,,,,,,,,,,,,,,,,,,1510.24,77.67,0.75,2.02,1.18,-0.78,2.59,8.22,-0.36,-0.39,1.31,3.36,4.33,1.46,3.69,6.82,-2.31,4.24,7.13,5.30,-0.23,-2.50,-3.68,-3.97,2.01,2.12,0.70,-3.32,8.03,19.98
HUN,944,Hungary,Inflation,Producer Price Inflation,,,,,,,,,,2.13,15.36,6.30,4.83,4.61,5.30,4.92,6.93,2.85,5.42,14.96,21.47,34.36,10.01,13.95,12.25,28.51,21.83,20.30,11.42,5.04,11.46,6.00,-0.25,1.84,4.03,4.20,7.41,0.78,5.60,4.48,3.68,4.22,4.13,0.76,-0.41,-0.95,-1.70,3.29,5.51,2.13,4.23,13.50,33.44
IND,534,India,Inflation,Producer Price Inflation,6.28,5.41,8.49,16.54,28.39,4.15,-1.99,7.45,-0.27,11.73,20.11,12.31,2.40,7.72,8.47,5.96,5.24,6.42,7.21,6.29,9.10,13.50,11.86,7.51,11.85,10.18,4.46,4.52,5.87,3.47,6.22,5.19,2.44,5.33,6.18,4.62,6.00,4.89,8.67,2.35,9.58,9.44,7.32,5.42,3.35,-3.89,-0.05,3.44,4.27,1.88,0.47,10.77,12.24
IRL,178,Ireland,Inflation,Producer Price Inflation,5.52,5.34,10.67,18.40,11.70,26.04,18.38,17.75,9.01,11.86,10.90,16.66,11.83,6.55,7.35,3.96,-0.01,2.44,4.13,4.77,-1.61,0.87,1.63,4.61,1.12,2.55,0.63,-0.57,0.86,0.92,6.15,1.67,-1.14,-8.09,-2.41,-0.49,0.79,-1.99,-1.39,0.44,-0.30,0.68,1.84,-0.41,-1.29,5.38,-1.23,-0.15,-1.77,-1.48,-8.72,-0.93,8.72
IRN,429,"Iran, Islamic Rep.",Inflation,Producer Price Inflation,,,,,,,,,,,,,,,,,,,,,,,28.68,22.29,29.91,47.12,31.78,16.88,17.62,21.86,18.72,11.66,11.95,16.04,16.40,11.22,9.54,14.69,20.60,9.09,10.44,37.86,24.68,37.27,17.22,6.98,3.54,9.71,30.64,,,,
ISL,176,Iceland,Inflation,Producer Price Inflation,,,,,,,,,,,,,,,,9.21,,,,,,,,,,,,,,,,,,,,,,1.81,31.05,11.33,11.76,9.18,1.05,-4.36,-0.66,5.10,-8.09,-4.57,6.78,4.92,23.11,11.46,17.27
ISR,436,Israel,Inflation,Producer Price Inflation,,,,,,,,,53.16,79.05,135.08,122.75,125.73,144.45,396.53,266.07,45.11,18.46,17.56,21.04,11.57,16.05,10.17,8.19,7.89,10.70,8.60,6.29,4.18,7.06,3.64,-0.12,3.87,4.33,5.43,6.25,5.69,3.45,9.60,-6.35,3.98,7.76,4.33,0.42,-1.37,-5.86,-3.62,1.45,3.33,-1.11,-4.90,6.83,13.06
ITA,136,Italy,Inflation,Producer Price Inflation,25.12,,,,,68.18,33.01,-22.02,-23.80,18.24,45.61,-51.61,13.14,11.00,10.31,7.70,0.18,2.99,3.55,5.86,4.15,3.34,1.89,3.76,3.71,7.87,1.89,1.29,0.10,-0.25,5.14,1.71,0.06,0.92,2.27,3.53,4.48,3.04,5.10,-4.71,2.94,4.77,3.58,-1.09,-1.44,-2.68,-1.93,2.34,3.29,0.18,56.14,6.22,42.77
JAM,343,Jamaica,Inflation,Producer Price Inflation,,,,,,,,,,,,,,,,,,,,,,,,,,,,,,,,,,,,,13.79,13.49,23.56,9.09,8.63,13.68,7.58,8.46,7.88,-2.75,-0.48,7.03,7.27,3.11,0.97,12.94,20.12
JOR,439,Jordan,Inflation,Producer Price Inflation,,,,,,,,,,,,,,,,,,,,,,,,,,,,,,,,,,2.57,6.02,9.46,15.78,9.11,56.18,-16.67,-2.37,14.70,4.71,-2.55,-1.69,-9.93,-8.77,4.11,7.53,-1.47,-7.52,12.53,13.97
JPN,158,Japan,Inflation,Producer Price Inflation,3.39,-0.79,1.61,15.72,27.51,2.83,5.46,3.35,-0.49,5.00,14.94,1.37,0.44,-0.61,0.09,-0.79,-4.69,-3.12,-0.54,1.88,1.50,1.05,-0.91,-1.55,-1.64,-0.85,-1.66,0.66,-1.51,-1.47,0.05,-2.28,-2.08,-0.83,1.27,1.66,2.17,1.74,4.57,-5.25,-0.57,1.43,-0.86,1.24,3.21,-2.29,-3.50,2.34,2.51,4.12,3.00,4.75,8.43
KAZ,916,Kazakhstan,Inflation,Producer Price Inflation,,,,,,,,,,,,,,,,,,,,,,,,,,139.68,23.74,15.52,0.83,18.91,37.97,0.35,0.24,9.28,16.73,23.70,18.44,12.35,36.84,-22.05,25.17,27.23,3.54,-0.34,9.47,-20.52,16.84,15.29,18.96,5.09,-7.93,32.46,29.82
KEN,664,Kenya,Inflation,Producer Price Inflation,,,,,,,,,,,,,,,,,,,,,,,,,,,,,,,,,,,,,,,,,,,,,,,,,0.84,1.19,0.14,7.42,
KGZ,917,Kyrgyz Republic,Inflation,Producer Price Inflation,,,,,,,,,,,,,,,,,,,,,,,,,215.26,21.82,22.99,26.26,7.95,53.67,29.12,9.12,5.34,5.62,8.79,3.12,15.91,11.77,25.35,11.33,23.12,21.80,-2.15,-6.08,0.23,9.11,6.41,1.66,1.48,4.27,20.80,11.97,4.67
KOR,542,"Korea, Rep.",Inflation,Producer Price Inflation,9.18,8.60,13.95,6.97,42.10,26.49,12.12,9.03,11.70,18.70,38.99,20.40,4.67,0.17,0.73,0.90,-1.46,0.45,2.72,1.47,4.18,4.72,2.17,1.52,2.71,4.67,3.25,3.79,12.21,-2.08,2.07,-7.76,0.22,-1.23,7.66,6.04,6.14,2.29,8.08,-5.50,7.08,8.91,3.72,-0.50,-3.47,-4.94,-1.43,8.49,5.21,1.01,-0.46,6.38,8.82
KWT,443,Kuwait,Inflation,Producer Price Inflation,,,,,,,,,,,,,,,,,,,,,,,,,,,,,,,,,,,,,,,,,,,,3.42,2.43,2.98,1.27,3.10,1.31,0.64,-30.59,54.66,42.19
LKA,524,Sri Lanka,Inflation,Producer Price Inflation,,,,,,,,,,,,,,,,,,,,,,,,,,,,,,,,,,,,,,,,,,,,,,3.60,1.71,17.00,6.35,2.93,5.73,10.88,73.30
LTU,946,Lithuania,Inflation,Producer Price Inflation,,,,,,,,,,,,,,,,,,,,,,,,392.91,44.74,28.32,17.27,4.22,-7.45,-11.17,19.40,-2.93,-2.72,-0.57,5.94,11.59,7.36,6.89,18.18,-13.47,10.28,13.89,5.01,-2.36,-4.93,-9.62,-4.37,5.06,5.62,-0.08,-8.88,9.62,25.89
LUX,137,Luxembourg,Inflation,Producer Price Inflation,,,,,-35.94,-3.29,,,,,,10.68,17.88,4.95,6.16,3.00,-1.58,-6.52,2.64,7.61,-2.02,-2.57,-2.69,-1.32,0.88,3.92,-3.11,1.48,2.43,-3.13,4.94,1.07,-1.03,0.94,10.19,6.19,6.34,5.92,6.13,-9.92,5.18,8.54,0.24,-3.47,-1.97,-0.83,-1.17,2.92,4.56,-1.87,-1.95,11.32,25.56
LVA,941,Latvia,Inflation,Producer Price Inflation,,,,,,,,,,,,,,,,,,,,,,,,,17.01,11.89,13.67,4.12,1.88,-4.01,0.49,1.14,0.43,3.41,8.08,7.93,10.22,16.11,11.71,-4.18,2.84,7.62,3.72,1.79,0.41,-0.94,-2.41,2.45,4.39,1.75,-1.87,13.07,30.81
MAR,686,Morocco,Inflation,Producer Price Inflation,,,,,,,,,,,,,,,,,,,,,,,,,,,,,,,,,,,,9.12,5.93,1.76,17.96,-15.10,6.41,12.75,2.91,-1.87,-2.83,-4.58,1.61,1.68,2.62,0.51,-1.87,5.02,12.74
MDA,921,"Moldova, Rep.",Inflation,Producer Price Inflation,,,,,,,,,,,,,,,,,,,,,,,,,,,,,,,,,,,,,,,,,,,3.08,3.28,5.54,6.28,4.50,3.34,0.37,1.84,2.59,8.66,26.58
MEX,273,Mexico,Inflation,Producer Price Inflation,,,,,,,,,,,,,54.60,97.90,66.37,56.64,86.75,141.39,105.32,11.49,21.68,21.63,12.34,7.41,6.11,38.64,33.88,17.55,15.98,14.24,7.84,5.02,5.10,8.30,7.99,4.71,5.58,4.42,7.11,4.46,4.21,5.22,4.63,1.37,2.67,2.93,5.67,6.91,5.47,2.92,4.78,7.09,8.88
MKD,962,North Macedonia,Inflation,Producer Price Inflation,,,,,,,,,,,,,,,,,,,,,,,,,89.53,4.71,-0.08,4.15,4.22,1.04,10.84,2.59,-0.77,0.02,0.92,3.16,6.85,2.52,10.12,-7.23,11.73,11.87,1.37,-1.37,-1.98,-3.87,-3.10,4.79,0.89,2.09,0.65,11.13,18.51
MLT,181,Malta,Inflation,Producer Price Inflation,,,,,,,,,,,,,,,,,,,3.47,,,,,1.99,7.10,,,,1.48,2.73,,1.03,-2.29,-5.35,-3.27,-0.61,5.85,-4.82,-1.23,-1.17,1.28,2.15,-1.39,-3.00,-0.59,-2.17,-0.18,1.51,4.36,2.18,0.32,3.21,5.48
MNE,943,Montenegro,Inflation,Producer Price Inflation,,,,,,,,,,,,,,,,,,,,,,,,,,,,,,,,,7.40,4.67,6.26,2.04,3.75,8.72,16.04,-5.42,-0.52,3.61,1.92,1.78,0.58,0.26,-0.41,1.75,1.75,2.42,-0.04,1.29,11.14
MNG,948,Mongolia,Inflation,Producer Price Inflation,,,,,,,,,,,,,,,,,,,,,,,,,,,,,,,,,,,,,,,,,,,,,,,,29.49,6.91,4.55,-7.43,5.81,31.27
MOZ,688,Mozambique,Inflation,Producer Price Inflation,,,,,,,,,,,,,,,,,,,,,,,,,,,,,,,,,,,,,,,,,,,-4.72,11.61,-0.84,18.93,43.89,20.11,5.86,4.31,-31.43,12.01,21.74
MUS,684,Mauritius,Inflation,Producer Price Inflation,,,,,,,,,,,,,,,,,,,,,,,,,,,,,,,,,,,,,,,15.04,-3.52,2.55,8.93,3.20,4.74,0.32,2.19,0.10,2.33,3.18,1.45,3.75,11.40,18.08
MYS,548,Malaysia,Inflation,Producer Price Inflation,,,,,,,,,,,,,,,,,,3.69,7.34,4.04,0.66,4.04,1.11,1.45,4.88,4.60,2.28,2.62,10.79,-3.27,3.68,0.53,-0.76,4.60,6.98,6.86,5.26,5.53,10.19,-7.32,5.96,12.32,-0.47,-2.70,1.52,-7.45,-1.05,6.69,-1.14,-1.35,-2.66,9.46,7.74
NIC,278,Nicaragua,Inflation,Producer Price Inflation,,,,,,,,,,,,,,,,,,,,,,,,,,,,,,,,,,,,,,12.03,21.73,-2.35,14.56,20.92,5.94,4.49,8.68,2.69,0.18,6.47,3.72,2.46,3.99,9.06,19.34
NLD,138,Netherlands,Inflation,Producer Price Inflation,6.98,5.54,4.82,6.19,8.95,6.01,6.92,5.51,1.46,2.56,7.38,8.48,4.32,0.73,3.98,3.18,-10.16,-2.57,1.04,4.74,-2.11,0.43,-1.24,-1.88,0.75,2.67,1.49,3.16,-2.56,0.37,12.28,0.78,-1.34,0.72,3.76,6.40,5.16,4.96,7.42,-11.56,8.96,10.90,0.42,-1.15,-1.64,-4.96,-2.48,4.82,2.98,0.93,1.59,12.52,23.78
NOR,142,Norway,Inflation,Producer Price Inflation,,,,,,,,,4.04,7.18,13.35,10.52,8.51,6.49,6.92,4.83,-3.40,3.58,4.60,5.37,3.98,2.37,-0.44,-0.99,1.29,2.56,2.17,1.37,0.58,3.07,6.94,-2.92,-3.30,3.59,11.74,16.51,12.83,0.00,22.82,-0.77,18.37,16.28,2.74,0.65,-1.40,-8.10,-8.02,9.28,14.82,-3.57,-10.16,37.75,51.88
NZL,196,New Zealand,Inflation,Producer Price Inflation,5.95,8.07,6.82,12.77,8.09,13.22,22.25,16.40,11.46,17.78,22.88,16.89,15.02,5.50,7.04,15.42,5.75,7.92,5.23,7.07,4.68,0.81,2.06,2.45,1.35,0.84,0.57,0.41,0.64,1.00,7.65,5.98,0.13,-0.77,1.88,4.65,6.21,2.38,10.72,-1.54,2.72,4.70,0.98,1.54,0.07,-2.16,0.48,4.50,4.21,2.24,21.30,5.71,9.35
OMN,449,Oman,Inflation,Producer Price Inflation,,,,,,,,,,,,,,,,,,,,,,,,,,,,,,,,,,,,,,,36.33,-30.01,23.80,23.33,5.48,-2.01,-2.25,-22.67,-18.96,13.62,22.11,-3.36,-13.65,16.53,42.51
PAK,564,Pakistan,Inflation,Producer Price Inflation,,,,,,,,,,,,,,,,,,,,,,,,,,,,,,,,,,6.54,8.44,8.72,8.50,8.23,24.05,9.77,19.19,18.83,7.10,7.79,4.77,-2.52,1.90,4.87,12.13,14.18,5.81,18.03,31.18
PER,293,Peru,Inflation,Producer Price Inflation,,,,,,,,,,,,,,,,,,58.33,657.89,2494.10,6737.18,306.29,57.19,47.55,17.89,10.52,9.44,7.36,7.30,4.91,4.33,1.39,-1.05,1.70,5.21,2.29,3.19,2.49,8.91,-1.76,1.83,6.34,1.77,0.38,1.83,1.77,1.58,1.15,1.63,1.18,0.22,9.35,10.89
PHL,566,Philippines,Inflation,Producer Price Inflation,,,,,,,,,,,,,,,,,,,,,,,,,4.12,4.24,4.08,3.53,8.64,7.02,12.47,14.11,2.03,8.64,12.03,9.04,11.17,-0.72,4.07,-1.37,-4.93,0.92,-0.58,-7.57,-0.92,-6.72,-4.77,-0.93,0.68,1.63,-4.04,-1.78,6.50
POL,964,Poland,Inflation,Producer Price Inflation,,,,,,,,,,,,,,,,,,26.52,59.59,218.19,610.12,48.78,27.71,32.25,30.07,25.55,12.77,12.18,7.25,5.54,7.71,1.66,1.16,2.68,7.14,0.72,2.21,2.22,2.25,3.38,2.15,7.49,3.23,-1.31,-1.45,-2.27,-0.28,2.73,2.07,1.43,-0.53,8.04,22.41
PRT,182,Portugal,Inflation,Producer Price Inflation,,,,,,,,,,,,,,,,,1.68,1.07,,,,,,,,,,,,,,3.02,0.52,0.96,2.64,5.07,4.90,2.28,4.77,-6.34,3.02,5.82,3.72,-0.64,-1.89,-3.26,-2.68,3.34,2.67,0.02,-4.18,8.87,20.50
PRY,288,Paraguay,Inflation,Producer Price Inflation,,,,,,,,,,,,,,,,,,,,,,,,,,,,1.15,14.90,5.30,14.70,5.82,19.89,26.46,5.78,8.98,7.11,3.68,12.98,-0.32,6.55,12.63,3.29,0.49,2.85,1.94,4.97,3.21,2.70,1.42,2.74,8.64,16.32
QAT,453,Qatar,Inflation,Producer Price Inflation,,,,,,,,,,,,,,,,,,,,,,,,,,,,,,,,,,,,,,,,,,,,,-3.17,-37.93,-22.51,19.29,25.92,-9.48,-28.49,62.08,47.38
ROU,968,Romania,Inflation,Producer Price Inflation,,,,,,,,,,,,,,,,,,,,,,240.69,203.58,168.69,140.52,35.11,49.87,143.96,33.18,41.15,49.91,38.08,23.05,19.52,19.10,7.61,6.70,6.37,12.69,2.52,4.37,7.10,5.41,2.09,-0.12,-1.84,-1.79,3.47,5.03,3.95,0.00,14.90,44.71
RUS,922,Russian Federation,Inflation,Producer Price Inflation,,,,,,,,,,,,,,,,,,,,,,,,939.92,336.82,236.47,50.78,15.00,7.03,58.95,46.53,18.12,10.44,16.38,23.36,20.57,12.41,14.09,21.42,-7.19,12.22,17.51,6.36,3.56,6.13,13.82,4.32,7.64,12.15,1.98,-3.76,24.47,12.07
RWA,714,Rwanda,Inflation,Producer Price Inflation,,,,,,,,,,,,,,,,,,,,,,,,,,,,,,,,,,,,,,,,,,,3.09,-1.68,-0.55,0.44,2.99,8.91,-0.47,10.74,5.06,5.51,12.76
SAU,456,Saudi Arabia,Inflation,Producer Price Inflation,,,,,,,,,,,,,,,,,,,,,,,,,,,,,,,,,,,,,,,,,,,,1.47,0.31,-0.59,2.63,-1.30,16.01,1.93,3.48,12.11,7.77
SDN,732,Sudan,Inflation,Producer Price Inflation,6.61,-4.31,9.09,,,,,,,,,,,,,,,,,,,,,,,,,,,,,,,,,,,,,,,,,,,,,,,,,,
SEN,722,Senegal,Inflation,Producer Price Inflation,,,,,,,,,,,,,,,,,,,,,,,,,,,,,,,,,,,,,,,,0.11,6.08,7.56,4.62,-2.71,-0.94,-4.49,-4.78,0.42,2.36,0.24,-0.51,10.14,17.18
SGP,576,Singapore,Inflation,Producer Price Inflation,,,,,,-2.99,6.71,5.01,-1.66,18.69,23.41,2.89,-5.22,-3.83,-2.08,-3.72,-14.80,2.23,-1.85,2.23,3.93,-7.36,-6.71,-3.90,-3.43,0.79,-5.21,-8.14,-4.22,-0.47,6.59,-1.02,-6.91,-0.76,4.57,5.67,2.36,-1.56,3.43,-13.45,1.74,5.34,0.35,-3.07,-3.41,-9.16,-5.50,3.83,4.41,-3.32,-6.92,15.22,15.08
SLV,253,El Salvador,Inflation,Producer Price Inflation,,,,,,,,,,,,,,,,,,,,,,,,,,,,,,,6.85,1.02,-2.01,2.99,6.55,9.07,4.75,4.74,16.59,-11.64,2.95,6.05,4.06,0.85,1.01,-0.11,-0.89,1.27,1.57,0.94,-0.21,3.09,5.70
SRB,942,Serbia,Inflation,Producer Price Inflation,,,,,,,,,,,,,,,,,,,,,,,,,,,,,,,,87.26,10.68,5.89,9.55,11.91,12.16,6.24,13.03,5.55,12.70,14.75,5.58,3.08,0.93,0.29,-0.42,3.17,2.23,0.63,-1.19,8.62,15.43
SVK,936,Slovakia,Inflation,Producer Price Inflation,,,,,,,,,,,,,,,,,,,,,,,,,9.98,9.01,4.10,4.49,3.25,3.81,9.80,6.04,2.07,6.30,1.83,3.49,3.26,-1.19,2.21,-6.95,0.53,4.60,1.74,-0.99,-3.42,-2.89,-3.98,2.43,2.52,1.91,-1.52,6.80,29.50
SVN,961,Slovenia,Inflation,Producer Price Inflation,,,,,,,,,,,,,,,,,,,,,,,,21.59,17.72,12.72,6.80,6.10,5.98,2.12,8.00,7.12,3.61,1.22,2.58,1.88,2.25,4.19,3.84,-1.33,2.14,4.53,0.87,0.02,-0.61,-0.22,-1.36,2.15,2.07,0.68,-0.24,5.54,19.59
SWE,144,Sweden,Inflation,Producer Price Inflation,,,4.55,11.30,24.78,6.57,8.91,9.53,7.99,11.85,14.08,11.22,12.84,11.12,7.71,5.20,-2.77,2.78,5.32,7.72,4.54,1.37,-1.29,6.25,4.76,7.72,-1.76,1.17,-0.58,1.14,4.86,1.96,-0.07,0.00,0.70,3.99,5.08,3.69,4.36,1.14,1.06,0.38,-0.97,-2.80,1.43,0.01,-0.92,5.20,6.60,2.97,-0.25,10.69,21.19
THA,578,Thailand,Inflation,Producer Price Inflation,-0.46,0.25,7.84,22.92,28.86,3.71,3.94,7.80,7.46,11.21,20.11,9.52,0.90,2.06,-3.09,-0.02,-0.42,5.95,8.20,4.60,3.45,6.79,0.23,-0.42,3.98,6.12,1.83,5.06,12.19,-4.72,3.92,2.50,1.67,4.01,6.72,9.18,7.07,3.22,12.42,-3.80,9.41,5.45,1.02,0.31,0.14,-4.11,-1.18,0.70,0.38,-0.96,-1.60,4.72,10.38
TJK,923,Tajikistan,Inflation,Producer Price Inflation,,,,,,,,,,,,,,,,,,,,,,,,,,,339.89,95.66,27.12,45.62,39.06,26.04,9.35,15.27,16.43,7.54,42.68,21.85,20.83,-3.40,38.45,29.95,14.20,3.89,0.88,4.32,6.71,9.32,2.18,1.79,5.45,3.83,11.83
TTO,369,Trinidad and Tobago,Inflation,Producer Price Inflation,,,,,,,,,,,19.37,16.91,13.72,12.50,5.20,4.69,6.55,4.04,6.01,8.89,1.43,0.18,0.82,5.31,5.43,3.53,2.90,1.94,1.42,1.77,,,0.60,0.84,3.52,2.29,4.58,6.93,9.93,4.37,2.70,2.83,4.16,1.91,2.02,2.38,1.18,1.93,,,,,
TUN,744,Tunisia,Inflation,Producer Price Inflation,,,,,,,,,,,,,,,,,,,,,,,,,,,,2.41,3.18,0.38,2.61,3.22,3.09,2.36,2.81,4.12,7.33,3.23,11.71,2.88,2.65,5.82,5.11,1.77,2.05,5.05,1.41,4.60,7.94,5.98,1.86,9.27,
TUR,186,Turkey,Inflation,Producer Price Inflation,,,,,,,,,,,,,,,,,,31.93,70.54,63.98,52.32,55.36,62.09,57.96,121.26,86.02,75.93,81.80,71.83,53.06,51.43,61.63,50.11,22.67,14.56,5.89,8.30,6.31,12.72,1.23,8.52,11.09,6.09,4.48,10.25,5.28,4.30,15.82,27.01,17.56,12.14,43.86,128.47
TWN,528,"Taiwan, China",Inflation,Producer Price Inflation,2.71,0.02,4.47,22.84,40.58,-5.07,2.77,2.77,3.53,13.83,21.54,7.63,-0.19,-1.17,0.47,-2.60,-3.34,-3.25,-1.57,-0.37,-0.60,0.16,-3.67,2.52,2.17,7.37,-1.00,-0.46,0.60,-4.55,1.82,-1.34,0.05,2.48,7.03,0.61,5.64,6.47,5.15,-8.73,5.46,4.32,-1.16,-2.43,-0.57,-8.85,-2.98,0.90,3.63,-2.26,-7.79,9.87,10.52
TZA,738,"Tanzania, United Rep.",Inflation,Producer Price Inflation,,,,,,,,,,,,,,,,,,,,,,,,,,,,,,,,,,,,,,,,,,,,,4.93,3.01,6.86,1.26,6.18,7.24,,,
UGA,746,Uganda,Inflation,Producer Price Inflation,,,,,,,,,,,,,,,,,,,,,,,,,,,,,,,,,,,,,,,,,,,,,,,,,-1.73,-2.54,3.18,13.15,16.15
UKR,926,Ukraine,Inflation,Producer Price Inflation,,,,,,,,,,,,,,,,,,,,,,,,14400.00,1140.00,488.10,51.83,7.67,13.20,31.13,20.86,8.65,3.05,7.71,20.32,16.71,9.49,19.48,35.56,6.59,20.88,19.00,3.65,-0.05,17.17,35.69,20.92,26.45,17.58,4.14,-1.88,40.82,61.05
URY,298,Uruguay,Inflation,Producer Price Inflation,13.41,21.18,89.84,114.35,79.02,72.38,50.57,50.33,48.58,80.41,41.74,23.45,12.90,73.48,77.38,76.57,67.17,63.22,57.44,73.18,107.68,87.62,58.32,33.37,34.20,37.71,25.02,16.36,9.29,-0.88,6.84,6.58,31.93,38.92,14.69,-2.57,5.92,11.81,16.94,2.11,7.61,15.93,6.43,3.94,10.41,6.83,3.35,1.67,9.67,12.78,10.46,14.42,12.83
USA,111,United States,Inflation,Producer Price Inflation,3.61,3.33,4.41,13.14,18.81,9.25,4.65,6.13,7.77,12.54,14.13,9.13,2.01,1.26,2.38,-0.43,-2.89,2.64,4.02,4.96,3.56,0.22,0.59,1.46,1.30,3.58,2.34,-0.07,-2.48,0.84,5.78,1.11,-2.29,5.35,6.18,7.32,4.67,4.80,9.81,-8.84,4.48,3.87,1.86,1.36,1.58,-0.87,0.42,2.33,2.90,1.69,-2.12,8.95,8.05
UZB,927,Uzbekistan,Inflation,Producer Price Inflation,,,,,,,,,,,,,,,,,,,,,,,,,,,,,,,,,,,,,,,,,,,,,,,16.29,17.42,31.70,43.35,14.80,9.32,16.66
VEN,299,"Venezuela, RB",Inflation,Producer Price Inflation,,,,,,,,,,,,,,,,,,,,,,,,,,,,,,,,,,,,,,,,50.00,33.33,,41.67,26.47,60.47,142.03,291.62,905.66,169201.78,,,,
VNM,582,Vietnam,Inflation,Producer Price Inflation,,,,,,,,,,,,,,,,,,,,,,,,,,,,,,,,,,,,,,,,,12.63,18.43,3.44,5.25,3.26,-0.59,-0.61,,,,,,
XKX,967,Kosovo,Inflation,Producer Price Inflation,,,,,,,,,,,,,,,,,,,,,,,,,,,,,,,,,,,,,,,,,4.06,4.55,1.91,2.39,1.63,2.66,-0.07,0.59,1.35,0.93,-0.58,4.92,9.33
ZAF,199,South Africa,Inflation,Producer Price Inflation,,5.00,6.35,12.44,18.58,16.42,13.14,14.16,9.68,13.12,15.40,13.21,12.70,10.11,8.57,15.50,18.85,14.39,13.94,15.49,11.79,11.33,7.60,6.51,8.79,10.49,8.45,8.14,4.43,4.92,6.66,2.92,0.22,-1.23,7.66,6.04,6.14,2.29,8.08,-5.50,7.08,8.91,4.47,6.00,7.40,3.61,7.08,4.88,5.45,4.62,2.49,7.12,14.38
ZMB,754,Zambia,Inflation,Producer Price Inflation,14.29,0.00,4.17,12.00,10.71,16.13,16.67,26.19,18.87,17.46,17.57,5.75,13.04,23.08,24.22,38.36,106.82,101.32,4.80,91.98,117.04,93.03,131.71,,,,,,,,,,,,,,,,,,,,,,,,,,,,,,